ID,TIME,DV,FORM,AMT,EVID,SEQ,Period
1,0,0,R,100,1,RT,1
1,0.25,0.46,R,0,0,RT,1
1,0.5,0.89,R,0,0,RT,1
1,1,1.45,R,0,0,RT,1
1,2,2.15,R,0,0,RT,1
1,4,2.28,R,0,0,RT,1
1,8,1.35,R,0,0,RT,1
1,12,0.65,R,0,0,RT,1
1,0,0,T,100,4,RT,2
1,0.25,0.21,T,0,0,RT,2
1,0.5,0.43,T,0,0,RT,2
1,1,0.69,T,0,0,RT,2
1,2,1.05,T,0,0,RT,2
1,4,1.14,T,0,0,RT,2
1,8,0.71,T,0,0,RT,2
1,12,0.31,T,0,0,RT,2
2,0,0,T,100,1,TR,1
2,0.25,0.72,T,0,0,TR,1
2,0.5,1.26,T,0,0,TR,1
2,1,1.85,T,0,0,TR,1
2,2,2.1,T,0,0,TR,1
2,4,1.33,T,0,0,TR,1
2,8,0.29,T,0,0,TR,1
2,12,0.04,T,0,0,TR,1
2,0,0,R,100,4,TR,2
2,0.25,1.47,R,0,0,TR,2
2,0.5,2.54,R,0,0,TR,2
2,1,3.75,R,0,0,TR,2
2,2,4.16,R,0,0,TR,2
2,4,2.65,R,0,0,TR,2
2,8,0.61,R,0,0,TR,2
2,12,0.13,R,0,0,TR,2
3,0,0,T,100,1,TR,1
3,0.25,0.8,T,0,0,TR,1
3,0.5,1.39,T,0,0,TR,1
3,1,2.08,T,0,0,TR,1
3,2,2.27,T,0,0,TR,1
3,4,1.45,T,0,0,TR,1
3,8,0.29,T,0,0,TR,1
3,12,0.04,T,0,0,TR,1
3,0,0,R,100,4,TR,2
3,0.25,1.6,R,0,0,TR,2
3,0.5,2.74,R,0,0,TR,2
3,1,4.08,R,0,0,TR,2
3,2,4.59,R,0,0,TR,2
3,4,2.89,R,0,0,TR,2
3,8,0.61,R,0,0,TR,2
3,12,0.1,R,0,0,TR,2
4,0,0,R,100,1,RT,1
4,0.25,0.98,R,0,0,RT,1
4,0.5,1.63,R,0,0,RT,1
4,1,2.33,R,0,0,RT,1
4,2,2.55,R,0,0,RT,1
4,4,1.9,R,0,0,RT,1
4,8,0.91,R,0,0,RT,1
4,12,0.44,R,0,0,RT,1
4,0,0,T,100,4,RT,2
4,0.25,0.48,T,0,0,RT,2
4,0.5,0.82,T,0,0,RT,2
4,1,1.17,T,0,0,RT,2
4,2,1.29,T,0,0,RT,2
4,4,0.96,T,0,0,RT,2
4,8,0.44,T,0,0,RT,2
4,12,0.19,T,0,0,RT,2
5,0,0,R,100,1,RT,1
5,0.25,6.12,R,0,0,RT,1
5,0.5,6.43,R,0,0,RT,1
5,1,5.6,R,0,0,RT,1
5,2,4.11,R,0,0,RT,1
5,4,2.17,R,0,0,RT,1
5,8,0.62,R,0,0,RT,1
5,12,0.19,R,0,0,RT,1
5,0,0,T,100,4,RT,2
5,0.25,3.05,T,0,0,RT,2
5,0.5,3.22,T,0,0,RT,2
5,1,2.8,T,0,0,RT,2
5,2,2.09,T,0,0,RT,2
5,4,1.08,T,0,0,RT,2
5,8,0.29,T,0,0,RT,2
5,12,0.08,T,0,0,RT,2
6,0,0,T,100,1,TR,1
6,0.25,0.81,T,0,0,TR,1
6,0.5,1.36,T,0,0,TR,1
6,1,2.02,T,0,0,TR,1
6,2,2.16,T,0,0,TR,1
6,4,1.26,T,0,0,TR,1
6,8,0.22,T,0,0,TR,1
6,12,0.02,T,0,0,TR,1
6,0,0,R,100,4,TR,2
6,0.25,1.56,R,0,0,TR,2
6,0.5,2.75,R,0,0,TR,2
6,1,4,R,0,0,TR,2
6,2,4.33,R,0,0,TR,2
6,4,2.57,R,0,0,TR,2
6,8,0.47,R,0,0,TR,2
6,12,0.07,R,0,0,TR,2
7,0,0,R,100,1,RT,1
7,0.25,1.49,R,0,0,RT,1
7,0.5,2.36,R,0,0,RT,1
7,1,3.12,R,0,0,RT,1
7,2,3.04,R,0,0,RT,1
7,4,2.07,R,0,0,RT,1
7,8,0.86,R,0,0,RT,1
7,12,0.37,R,0,0,RT,1
7,0,0,T,100,4,RT,2
7,0.25,0.74,T,0,0,RT,2
7,0.5,1.19,T,0,0,RT,2
7,1,1.54,T,0,0,RT,2
7,2,1.52,T,0,0,RT,2
7,4,1.03,T,0,0,RT,2
7,8,0.46,T,0,0,RT,2
7,12,0.19,T,0,0,RT,2
8,0,0,R,100,1,RT,1
8,0.25,1.83,R,0,0,RT,1
8,0.5,2.8,R,0,0,RT,1
8,1,3.53,R,0,0,RT,1
8,2,3.17,R,0,0,RT,1
8,4,1.95,R,0,0,RT,1
8,8,0.64,R,0,0,RT,1
8,12,0.2,R,0,0,RT,1
8,0,0,T,100,4,RT,2
8,0.25,0.92,T,0,0,RT,2
8,0.5,1.39,T,0,0,RT,2
8,1,1.77,T,0,0,RT,2
8,2,1.61,T,0,0,RT,2
8,4,0.96,T,0,0,RT,2
8,8,0.29,T,0,0,RT,2
8,12,0.11,T,0,0,RT,2
9,0,0,T,100,1,TR,1
9,0.25,0.14,T,0,0,TR,1
9,0.5,0.2,T,0,0,TR,1
9,1,0.32,T,0,0,TR,1
9,2,0.58,T,0,0,TR,1
9,4,0.75,T,0,0,TR,1
9,8,0.63,T,0,0,TR,1
9,12,0.4,T,0,0,TR,1
9,0,0,R,100,4,TR,2
9,0.25,0.25,R,0,0,TR,2
9,0.5,0.41,R,0,0,TR,2
9,1,0.78,R,0,0,TR,2
9,2,1.2,R,0,0,TR,2
9,4,1.54,R,0,0,TR,2
9,8,1.3,R,0,0,TR,2
9,12,0.84,R,0,0,TR,2
10,0,0,T,100,1,TR,1
10,0.25,1.45,T,0,0,TR,1
10,0.5,1.79,T,0,0,TR,1
10,1,1.76,T,0,0,TR,1
10,2,1.43,T,0,0,TR,1
10,4,0.89,T,0,0,TR,1
10,8,0.43,T,0,0,TR,1
10,12,0.17,T,0,0,TR,1
10,0,0,R,100,4,TR,2
10,0.25,2.9,R,0,0,TR,2
10,0.5,3.6,R,0,0,TR,2
10,1,3.54,R,0,0,TR,2
10,2,2.85,R,0,0,TR,2
10,4,1.84,R,0,0,TR,2
10,8,0.77,R,0,0,TR,2
10,12,0.33,R,0,0,TR,2
11,0,0,R,100,1,RT,1
11,0.25,0.77,R,0,0,RT,1
11,0.5,1.33,R,0,0,RT,1
11,1,1.94,R,0,0,RT,1
11,2,2.23,R,0,0,RT,1
11,4,1.9,R,0,0,RT,1
11,8,1.22,R,0,0,RT,1
11,12,0.72,R,0,0,RT,1
11,0,0,T,100,4,RT,2
11,0.25,0.41,T,0,0,RT,2
11,0.5,0.64,T,0,0,RT,2
11,1,0.94,T,0,0,RT,2
11,2,1.1,T,0,0,RT,2
11,4,0.95,T,0,0,RT,2
11,8,0.56,T,0,0,RT,2
11,12,0.35,T,0,0,RT,2
12,0,0,T,100,1,TR,1
12,0.25,0.67,T,0,0,TR,1
12,0.5,1.08,T,0,0,TR,1
12,1,1.62,T,0,0,TR,1
12,2,1.81,T,0,0,TR,1
12,4,1.3,T,0,0,TR,1
12,8,0.44,T,0,0,TR,1
12,12,0.12,T,0,0,TR,1
12,0,0,R,100,4,TR,2
12,0.25,1.27,R,0,0,TR,2
12,0.5,2.17,R,0,0,TR,2
12,1,3.23,R,0,0,TR,2
12,2,3.63,R,0,0,TR,2
12,4,2.57,R,0,0,TR,2
12,8,0.82,R,0,0,TR,2
12,12,0.27,R,0,0,TR,2
